rom_title,result,igdb_id,catalog_title,igdb_url,search_stage,unconfirmed_candidates
2020 Super Baseball (NA),No confident match from search responses,,,,discovery,46193: Super Baseball 2020; 38429: Super Bases Loaded 2; 46246: Tecmo Super Baseball
Advanced Dungeons & Dragons - Eye of the Beholder (NA),recoverable,5384,Eye of the Beholder,https://www.igdb.com/games/eye-of-the-beholder--1,discovery,5384: Eye of the Beholder
Aretha (English Translated by Dynamic Designs),No confident match from search responses,,,,discovery,271265: The Arena; 1357: U.N. Squadron; 44456: SimEarth: The Living Planet
Ballz 3D - Fighting at Its Ballziest (NA),recoverable,42568,Ballz 3D,https://www.igdb.com/games/ballz-3d,discovery,42568: Ballz 3D
Battletoads-Double Dragon (NA),recoverable,242267,Battletoads / Double Dragon,https://www.igdb.com/games/battletoads-slash-double-dragon--1,discovery,242267: Battletoads / Double Dragon
Bike Daisuki! Hashiriya Tamashii - Rider's Spirits (English Translated by MrRichard999),No confident match from search responses,,,,discovery,38214: Rider's Spirits; 38214: Rider's Spirits; 38214: Rider's Spirits
Bill Laimbeer's Combat Basketball (NA),ambiguous or truncated,,,,aliases,12592: Future Basketball; 46002: Bill Laimbeer's Combat Basketball
"Bishoujo Senshi Sailor Moon SuperS - Fuwa Fuwa Panic (English Translated by Dynamic Designs, Rev 1.01 With Westernized Names)",recoverable,36731,Bishoujo Senshi Sailor Moon Super S: Fuwa-fuwa Panic,https://www.igdb.com/games/bishoujo-senshi-sailor-moon-super-s-fuwa-fuwa-panic,broad,36731: Bishoujo Senshi Sailor Moon Super S: Fuwa-fuwa Panic; 56370: Bishoujo Senshi Sailor Moon Sailor Stars: Fuwa-fuwa Panic 2; 48987: Bishoujo Senshi Sailor Moon R
Bishoujo Senshi Sailor Moon SuperS - Zenin Sanka!! Shuyaku Soudatsusen (JP),recoverable,42341,Bishoujo Senshi Sailor Moon Super S: Zenin Sanka!! Shuyaku Soudatsusen,https://www.igdb.com/games/bishoujo-senshi-sailor-moon-super-s-zenin-sanka-shuyaku-soudatsusen,broad,42341: Bishoujo Senshi Sailor Moon Super S: Zenin Sanka!! Shuyaku Soudatsusen; 42399: Bishoujo Senshi Sailor Moon S: Jougai Rantou!? Shuyaku Soudatsusen; 36731: Bishoujo Senshi Sailor Moon Super S: Fuwa-fuwa Panic
"Bushi Seiryuuden - Futari no Yuusha (English Translated by DDSTranslation, Rev 2)",recoverable,16294,Bushi Seiryuu-den: Futari no Yuusha,https://www.igdb.com/games/bushi-seiryuu-den-futari-no-yuusha,discovery,16294: Bushi Seiryuu-den: Futari no Yuusha; 42653: Operation Logic Bomb; 42303: Shiki Eiyuu-den
Casper (NA),recoverable,215184,Casper,https://www.igdb.com/games/casper--4,broad,215181: Casper; 215184: Casper
Choplifter III - Rescue-Survive (NA),recoverable,7824,Choplifter III: Rescue Survive,https://www.igdb.com/games/choplifter-iii-rescue-survive--1,discovery,7824: Choplifter III: Rescue Survive
Clay Fighter 2 - Judgment Clay (NA),recoverable,73298,ClayFighter 2: Judgment Clay,https://www.igdb.com/games/clayfighter-2-judgment-clay,discovery,73298: ClayFighter 2: Judgment Clay; 73298: ClayFighter 2: Judgment Clay; 73298: ClayFighter 2: Judgment Clay
Congo - The Movie (Secret of Zinj - Prototype),No confident match from search responses,,,,discovery,38289: Congo the Movie: The Secret of Zinj; 15893: Tecmo Secret of the Stars; 339023: I Wanna Be The ROM Hack: Prototype
"Cotton 100% - Maerchen Adventure (English Translated by Ellen, Sven, and Svambo, Rev 1.1)",No confident match from search responses,,,,discovery,221257: JoJo no Kimyou na Bouken; 11603: Pac-Man 2: The New Adventures; 38359: Cotton 100%
"DoReMi Fantasy - Milon no DokiDoki Daibouken (English Translated by Gaijin Productions and RPGOne, Rev 1.3)",recoverable,15908,DoReMi Fantasy: Milon's DokiDoki Adventure,https://www.igdb.com/games/doremi-fantasy-milons-dokidoki-adventure,broad,15908: DoReMi Fantasy: Milon's DokiDoki Adventure; 15908: DoReMi Fantasy: Milon's DokiDoki Adventure; 15908: DoReMi Fantasy: Milon's DokiDoki Adventure
"Dokapon 3-2-1 - Arashi o Yobu Yuujou (English Translated by Krokodyl, Rev 1.4)",No confident match from search responses,,,,discovery,38133: Dokapon 3-2-1: Arashi wo Yobu Yuujou; 65377: Crayon Shin-chan: Arashi wo Yobu Enji; 65377: Crayon Shin-chan: Arashi wo Yobu Enji
Dragon Ball Z - Super Gokuden - Kakusei Hen (English Translated by Commando Ginew),recoverable,74038,Dragon Ball Z: Super Goku-den - Kakusei-hen,https://www.igdb.com/games/dragon-ball-z-super-goku-den-kakusei-hen,discovery,74038: Dragon Ball Z: Super Goku-den - Kakusei-hen; 38396: Dragon Ball Z: Super Goku-den - Totsugeki-hen; 38396: Dragon Ball Z: Super Goku-den - Totsugeki-hen
"Dragon Ball Z - Super Gokuden - Totsugeki Hen (English Translated by Kakkoii Translations, Rev 0.98 With Anime Names)",recoverable,38396,Dragon Ball Z: Super Goku-den - Totsugeki-hen,https://www.igdb.com/games/dragon-ball-z-super-goku-den-totsugeki-hen,discovery,38396: Dragon Ball Z: Super Goku-den - Totsugeki-hen; 38396: Dragon Ball Z: Super Goku-den - Totsugeki-hen; 74038: Dragon Ball Z: Super Goku-den - Kakusei-hen
Dream T.V. (NA),recoverable,93573,Dream TV,https://www.igdb.com/games/dream-tv,broad,93573: Dream TV; 205595: Dragon Quest V: Tenkuu no Hanayome; 42420: Psycho Dream
ESPN Speedworld (NA),recoverable,46217,ESPN Speed World,https://www.igdb.com/games/espn-speed-world,discovery,46217: ESPN Speed World; 260818: Super Special World; 37772: Verne World
EarthBound (NA),recoverable,2899,EarthBound,https://www.igdb.com/games/earthbound,broad,2899: EarthBound; 305370: Mother 2: Perfect Edition
Edono Kiba (JP),recoverable,42389,Edo no Kiba,https://www.igdb.com/games/edo-no-kiba,discovery,42389: Edo no Kiba; 108919: Alnam no Kiba: Juuzoku Juuni Shinto Densetsu; 37822: Super Keiba
Emit Vol. 3 - Watashi ni Sayonara o (JP),No confident match from search responses,,,,discovery,60967: EMIT Vol. 3: Watashi ni Sayonara wo; 60972: EMIT Vol. 1: Toki no Maigo; 60966: EMIT Vol. 2: Inochigake no Tabi
F1-ROC II - Race of Champions (NA),recoverable,42572,F1 ROC II: Race of Champions,https://www.igdb.com/games/f1-roc-ii-race-of-champions,discovery,42572: F1 ROC II: Race of Champions
Fighter's History - Mizoguchi Kikiippatsu!! (JP),recoverable,58791,Fighter's History 2,https://www.igdb.com/games/fighters-history-2,discovery,58791: Fighter's History 2; 58791: Fighter's History 2; 58791: Fighter's History 2
"Final Fantasy II (NA, Rev 1)",recoverable,387,Final Fantasy II,https://www.igdb.com/games/final-fantasy-ii,broad,387: Final Fantasy II; 16587: Final Fantasy IV
Finalset (JP),recoverable,44430,Final Set,https://www.igdb.com/games/final-set,discovery,44430: Final Set; 42277: Final Stretch; 44430: Final Set
FrogNES (NA),No confident match from search responses,,,,discovery,218568: Frogger; 4474: Frog Feast; 213138: Super Metroid: Cryogenesis
"Front Mission Series - Gun Hazard (English Translated by Aeon Genesis, Rev 1.01)",recoverable,1499,Front Mission: Gun Hazard,https://www.igdb.com/games/front-mission-gun-hazard,discovery,1499: Front Mission: Gun Hazard
G.O.D. - Mezameyo to Yobu Koe ga Kikoe (English Translated by Dynamic Designs),recoverable,42433,G.O.D: Mezame yo to Yobu Koe ga Kikoe,https://www.igdb.com/games/g-dot-o-d-mezame-yo-to-yobu-koe-ga-kikoe,discovery,42433: G.O.D: Mezame yo to Yobu Koe ga Kikoe
"Ganbare Goemon - Boku ga Dancer ni Natta Riyuu - Kirakira Douchuu (English Translated by DDSTranslation, Rev 3 With Ganbare Title Screen Patch by Djungelurban)",No confident match from search responses,,,,discovery,77854: Ganbare Goemon: Kira-kira Douchuu - Boku ga Dancer ni Natta Wake; 77854: Ganbare Goemon: Kira-kira Douchuu - Boku ga Dancer ni Natta Wake; 77854: Ganbare Goemon: Kira-kira Douchuu - Boku ga Dancer ni Natta Wake
"Ganbare Goemon - Yuki Hime Kyuushutsu Emaki (English Translated by DDSTranslation, Rev 2 With SRAM Hack by FlashPV, Rev 1.02)",ambiguous or truncated,,,,discovery,28386: The Legend of the Mystical Ninja
"Ganbare Goemon 2 - Kiteretsu Shougun Magginesu (English Translated by DDSTranslation, Rev 3 With Ganbare Title Screen Patch by Djungelurban)",No confident match from search responses,,,,discovery,42413: Ganbare Goemon 2: Kiteretsu Shogun McGuiness; 42413: Ganbare Goemon 2: Kiteretsu Shogun McGuiness; 28386: The Legend of the Mystical Ninja
"Ganbare Goemon 3 - Shishi Juurokubee no Karakuri Manjigatame (English Translated by DDSTranslation, Rev 4 With Ganbare Title Screen Patch by Djungelurban)",recoverable,42412,Ganbare Goemon 3: Shishijuurokubee no Karakuri Manjigatame,https://www.igdb.com/games/ganbare-goemon-3-shishijuurokubee-no-karakuri-manjigatame,discovery,42412: Ganbare Goemon 3: Shishijuurokubee no Karakuri Manjigatame; 42413: Ganbare Goemon 2: Kiteretsu Shogun McGuiness
Ganbare! Daiku no Gen-san (JP),recoverable,42388,Ganbare! Daiku no Gensan,https://www.igdb.com/games/ganbare-daiku-no-gensan,discovery,42388: Ganbare! Daiku no Gensan; 77854: Ganbare Goemon: Kira-kira Douchuu - Boku ga Dancer ni Natta Wake; 42412: Ganbare Goemon 3: Shishijuurokubee no Karakuri Manjigatame
Gangan Gan-chan (JP),recoverable,38023,Gan-gan Gan-chan,https://www.igdb.com/games/gan-gan-gan-chan,discovery,38023: Gan-gan Gan-chan; 38023: Gan-gan Gan-chan; 1726: Mega Man & Bass
"Gokujou Parodius (English Translated and SRAM Patched by Blizzz, Rev 1.1a With FastROM Hack by Kandowontu)",No confident match from search responses,,,,discovery,174910: Parodius; 38390: Jikkyou Oshaberi Parodius; 174910: Parodius
Golf Daisuki! - O.B. Club (English Translated by Dynamic Designs),No confident match from search responses,,,,discovery,38382: Osu!! Karate Bu; 42313: Shin Shogi Club
Hakunetsu Pro Yakyuu '93 - Ganba League (JP),No confident match from search responses,,,,discovery,42558: Extra Innings; 38173: Hakunetsu Pro Yakyuu '94 Ganba League 3; 38174: Hakunetsu Pro Yakyuu Ganba League '93
Hammer Lock Wrestling (NA),recoverable,42589,Hammerlock Wrestling,https://www.igdb.com/games/hammerlock-wrestling,discovery,42589: Hammerlock Wrestling; 38283: Super Fire Pro Wrestling; 38404: WCW SuperBrawl Wrestling
Hatayama Hatch no Pro Yakyuu News! - Jitsumei Ban (JP),No confident match from search responses,,,,discovery,38010: Hatayama Hacchi no Pro Yakyuu News! Jitsumei-ban
Havoc (Prototype),No confident match from search responses,,,,discovery,171890: Hack; 42465: The Shadow; 367689: Hack 8
Hiouden - Mamonotachi to no Chikai (English Translated by Aeon Genesis),recoverable,60499,Hiouden: Mamono-tachi to no Chikai,https://www.igdb.com/games/hiouden-mamono-tachi-to-no-chikai,discovery,60499: Hiouden: Mamono-tachi to no Chikai; 38021: Ganso Pachi-Slot Nippon Ichi; 38021: Ganso Pachi-Slot Nippon Ichi
Hisshou Pachi-Slot Fun (JP),No confident match from search responses,,,,discovery,59911: Hisshou! Pachi-Slot Fan; 37856: Super Pachi-Slot Mahjong; 37899: Pachi-Slot Land: Pachi-pachi Coin no Densetsu
Hit the Ice - VHL (The Official Video Hockey League - NA),No confident match from search responses,,,,discovery,46208: Hit the Ice: The Video Hockey League
Hokuto no Ken 6 - Gekitou Denshouken Haou e no Michi (JP),No confident match from search responses,,,,discovery,38264: Hokuto no Ken 6: Gekitou Denshouken - Haou he no Michi; 38337: Hokuto no Ken 7: Seiken Retsuden Denshousha he no Michi; 38337: Hokuto no Ken 7: Seiken Retsuden Denshousha he no Michi
Honke Sankyo Fever 2 - Jikki Simulation (JP),No confident match from search responses,,,,discovery,37985: Honke Sankyo Fever: Jikki Simulation; 37983: Honke Sankyo Fever: Jikki Simulation 3; 37984: Honke Sankyo Fever: Jikki Simulation 2
Honke Sankyo Fever 3 - Jikki Simulation (JP),No confident match from search responses,,,,discovery,37985: Honke Sankyo Fever: Jikki Simulation; 37983: Honke Sankyo Fever: Jikki Simulation 3; 37984: Honke Sankyo Fever: Jikki Simulation 2
Hourai Gakuen no Bouken! - Tenkousei Scramble (English Translated by Aeon Genesis With Fixes by Advancedpillow),recoverable,42549,The Adventure of Hourai High School,https://www.igdb.com/games/the-adventure-of-hourai-high-school,discovery,42549: The Adventure of Hourai High School
"International Sensible Soccer - World Champions Limited Edition (Rev 1, NTSC Conversion)",No confident match from search responses,,,,discovery,42362: Super Formation Soccer 94: World Cup Edition; 42359: Super Formation Soccer 96: World Club Edition; 9862: International Superstar Soccer Deluxe
J.R.R. Tolkien's The Lord of the Rings - Volume 1 (NA),No confident match from search responses,,,,discovery,81467: J.R.R. Tolkien's Lord of the Rings: Volume 1; 81467: J.R.R. Tolkien's Lord of the Rings: Volume 1; 81467: J.R.R. Tolkien's Lord of the Rings: Volume 1
JWP Joshi Pro Wres - Pure Wrestle Queens (JP),No confident match from search responses,,,,discovery,38276: JWP Joshi Pro Wrestling: Pure Wrestle Queens; 38282: Super Fire Pro Wrestling: Queen's Special; 38305: Yoshi's Strange Quest
Jack Nicklaus Golf (NA),No confident match from search responses,,,,discovery,72175: Jack Nicklaus' Unlimited Golf & Course Design; 15240: Kick Off; 12714: PGA Tour Golf
"Jikkyou Powerful Pro Yakyuu '96 - Kaimaku Ban (JP, Rev 1)",recoverable,42644,Jikkyou Pawafuru Pro Yakyuu '96: Kaimaku-ban,https://www.igdb.com/games/jikkyou-pawafuru-pro-yakyuu-96-kaimaku-ban,discovery,42644: Jikkyou Pawafuru Pro Yakyuu '96: Kaimaku-ban
Jikkyou Powerful Pro Yakyuu - Basic Ban '98 (JP),No confident match from search responses,,,,discovery,37207: Jikkyou Pawafuru Pro Yakyuu: Basic-ban '98; 37207: Jikkyou Pawafuru Pro Yakyuu: Basic-ban '98; 42644: Jikkyou Pawafuru Pro Yakyuu '96: Kaimaku-ban
"Jikkyou Powerful Pro Yakyuu 3 - '97 Haru (JP, Rev 1)",recoverable,42733,Jikkyou Pawafuru Puroyakyu 3: '97 Haru,https://www.igdb.com/games/jikkyou-pawafuru-puroyakyu-3-97-haru,discovery,42733: Jikkyou Pawafuru Puroyakyu 3: '97 Haru
Jim Lee's WildC.A.T.S - Covert-Action-Teams (NA),recoverable,42510,Jim Lee's Wild C.A.T.S: Covert Action Teams,https://www.igdb.com/games/jim-lees-wild-c-dot-a-t-dot-s-covert-action-teams,discovery,42510: Jim Lee's Wild C.A.T.S: Covert Action Teams; 42510: Jim Lee's Wild C.A.T.S: Covert Action Teams
Jissen Pachi-Slot Hisshouhou! Twin Vol. 2 (JP),No confident match from search responses,,,,discovery,42252: Jissen Pachi-Slot Hisshouhou! Twin 2; 42645: Jissen Pachi-Slot Hisshouhou! Twin; 42256: Jissen Pachi-Slot Hisshouhou! 2
John Madden Football (NA),No confident match from search responses,,,,discovery,4245: John Madden Football '93; 4588: John Madden Football '92; 4381: Madden NFL '94
Jungle no Ouja Tar-chan - Sekaimanyuu Daikakutou no Maki (JP),No confident match from search responses,,,,discovery,38313: Jungle no Ouja Tar-chan: Sekai Manyu Dai Kakutou no Maki
Kat's Run - Zen-Nihon K-Car Senshuken (JP),No confident match from search responses,,,,discovery,38267: Kat's Run: Zen-Nippon K-Car Senshuken; 44411: Zen-Nihon GT Senshuken; 44411: Zen-Nihon GT Senshuken
Kidou Senshi V Gundam (English Translated by Twilight Translations),recoverable,42518,Kidou Senshi V-Gundam,https://www.igdb.com/games/kidou-senshi-v-gundam,discovery,42518: Kidou Senshi V-Gundam
"Kigurumi Daibouken - Dream Maze (English Translated by KingMike's Translations, Rev 1b)",No confident match from search responses,,,,discovery,38378: Yume Meikyuu: Kigurumi Daibouken; 38378: Yume Meikyuu: Kigurumi Daibouken; 38378: Yume Meikyuu: Kigurumi Daibouken
"Kirby no Kirakira Kizzu (English Translated by TheDanaAddams, Rev 1.1)",No confident match from search responses,,,,discovery,113211: Kirby's Star Stacker; 113211: Kirby's Star Stacker; 113211: Kirby's Star Stacker
Kishin Douji Zenki - Batoru Raiden (English Translated by Dynamic Designs),No confident match from search responses,,,,discovery,67613: Kishin Douji Zenki: Battle Raiden; 42538: Kishin Douji Zenki: Denei Raibu; 38360: Kishin Douji Zenki: Tenchi Meidou
"Kouryuu no Mimi (English Translated by RPGOne, Rev 2)",No confident match from search responses,,,,discovery,42385: Koryuu no Mimi; 42385: Koryuu no Mimi; 42650: Rise of the Phoenix
Kunio-kun no Dodge Ball Da yo Zenin Shuugou! - Tournament Special (JP),recoverable,36899,Kunio-kun no Dodgeball Da yo Zenin Shuugou!: Tournament Special,https://www.igdb.com/games/kunio-kun-no-dodgeball-da-yo-zenin-shuugou-tournament-special,discovery,"36899: Kunio-kun no Dodgeball Da yo Zenin Shuugou!: Tournament Special; 36899: Kunio-kun no Dodgeball Da yo Zenin Shuugou!: Tournament Special; 42516: Kunio's Dodgeball Time, C'mon Guys!"
"Kyuuyaku Megami Tensei I-II (English Translated, Rev 1.1)",No confident match from search responses,,,,discovery,23880: Kyuuyaku Megami Tensei; 23880: Kyuuyaku Megami Tensei; 23879: Shin Megami Tensei II
"Little Master - Nijiiro no Maseki (English Translated by DackR, Rev 2b)",recoverable,77085,Little Master: Niji-iro no Maseki,https://www.igdb.com/games/little-master-niji-iro-no-maseki--1,broad,77085: Little Master: Niji-iro no Maseki; 77085: Little Master: Niji-iro no Maseki; 77085: Little Master: Niji-iro no Maseki
Lupin Sansei - Densetsu no Hihou o Oe! (JP),No confident match from search responses,,,,discovery,42333: Lupin III: Densetsu no Hihou wo Oe!; 42333: Lupin III: Densetsu no Hihou wo Oe!; 38230: Aoki Densetsu Shoot!
"MACS Basic Rifle Marksmanship (NA, Rev 1.1e)",No confident match from search responses,,,,discovery,
"Madou Monogatari - Hanamaru Daiyouchi Enji (English Translated by Aeon Genesis, Rev 1.01)",recoverable,110397,Madou Monogatari: Hanamaru Daiyouchienji,https://www.igdb.com/games/madou-monogatari-hanamaru-daiyouchienji--1,discovery,110397: Madou Monogatari: Hanamaru Daiyouchienji; 110397: Madou Monogatari: Hanamaru Daiyouchienji; 6979: E.V.O.: Search for Eden
Mahou Poipoi Poitto! (English Translated by KingMike's Translations),recoverable,42377,Mahou Poi-poi Poitto!,https://www.igdb.com/games/mahou-poi-poi-poitto,discovery,42377: Mahou Poi-poi Poitto!; 65631: Hebereke's Popoitto; 48947: F1 Pole Position
Makeruna! Makendou 2 - Kimero! Youkai Souridaijin (JP),No confident match from search responses,,,,discovery,38265: Makeruna! Makendo 2: Kimero Yokai Souri; 38265: Makeruna! Makendo 2: Kimero Yokai Souri; 38265: Makeruna! Makendo 2: Kimero Yokai Souri
Math Blaster - Episode 1 (NA),No confident match from search responses,,,,discovery,4419: Math Blaster: Episode One - In Search of Spot; 271253: Blastris: Blastris B; 271252: Blastris: Blastris A
Matsumura Kunihiro Den - Saikyou no Rekishi o Nurikaero! (JP),No confident match from search responses,,,,discovery,38211: Matsumura Kunihiro-den: Saikyou no Rekishi wo Nurikaero!; 44401: Nomark Baku Haitou: Shijou Saikyou no Jakushi Tatsu; 38381: Arabian Nights: Sabaku no Seirei-ou
Mick & Mack as the Global Gladiators (Prototype),No confident match from search responses,,,,discovery,6828: Global Gladiators; 6828: Global Gladiators; 6828: Global Gladiators
Might and Magic II (NTSC Conversion),No confident match from search responses,,,,discovery,7734: Might and Magic II: Gates to Another World; 7734: Might and Magic II: Gates to Another World; 7735: Might and Magic III: Isles of Terra
Mighty Max (NA),No confident match from search responses,,,,discovery,73340: Atmosfear: The Third Dimension; 1741: Mega Man X; 7734: Might and Magic II: Gates to Another World
"Monopoly (NA, Rev 1)",recoverable,122241,Monopoly,https://www.igdb.com/games/monopoly--3,broad,37740: Monopoly; 122241: Monopoly
"Mortal Kombat II (NA, Rev 1)",recoverable,1619,Mortal Kombat II,https://www.igdb.com/games/mortal-kombat-ii,broad,1619: Mortal Kombat II; 242249: Mortal Kombat II
Moto-X (NA),No confident match from search responses,,,,discovery,246585: Mother 2 Deluxe; 264275: Molotov Man; 305370: Mother 2: Perfect Edition
Mr. Bloppy Saves the World (NA),No confident match from search responses,,,,discovery,"42659: Mr. Bloopy Saves the World; 278828: Super ""Sonic Saves the World"" World; 268350: Robfather World"
Muhammad Ali Heavyweight Boxing (Prototype),No confident match from search responses,,,,discovery,228360: Muhammad Ali; 228360: Muhammad Ali
NBA Jam XXX (Prototype),No confident match from search responses,,,,discovery,8995: NBA Jam; 19712: NBA Jam Tournament Edition; 19712: NBA Jam Tournament Edition
Naxat Super Pinball - Jaki Crush (JP),No confident match from search responses,,,,discovery,38361: Jaki Crush; 38272: Super Pinball II: The Amazing Odyssey; 37843: Super Birdie Rush
Network Q Rally (Prototype),No confident match from search responses,,,,discovery,38111: The King of Rally; 12720: Power Drive; 268009: Bowser's Valley
"Neugier - The Journey Home (English Translated by Haeleth & RPGOne, Rev 2)",No confident match from search responses,,,,discovery,42504: Lester the Unlikely; 42344: Buck Rogers: The Arcade Game; 204616: Disney's The Jungle Book
Neuro de Fuzzy Shooting (Prototype),No confident match from search responses,,,,discovery,37907: Nice de Shot: World Course Selections; 42480: NCAA Basketball; 38230: Aoki Densetsu Shoot!
"New 3D Golf Simulation - Harukanaru Augusta (JP, Rev 1)",recoverable,37909,Harukanaru Augusta,https://www.igdb.com/games/harukanaru-augusta,discovery,37909: Harukanaru Augusta
Newman Haas IndyCar featuring Nigel Mansell (NA),recoverable,22841,Newman/Haas IndyCar featuring Nigel Mansell,https://www.igdb.com/games/newman-slash-haas-indycar-featuring-nigel-mansell,discovery,22841: Newman/Haas IndyCar featuring Nigel Mansell
Nichibutsu Arcade Classics 2 - Heiankyou Alien (JP),No confident match from search responses,,,,discovery,38180: Nichibutsu Arcade Classics 2: Heiankyo Alien; 38165: Nichibutsu Arcade Classics
Ninjawarriors (NA),recoverable,42654,Ninja Warriors,https://www.igdb.com/games/ninja-warriors,discovery,42654: Ninja Warriors; 42654: Ninja Warriors; 268104: Ninja World
Nishijin Pachinko Monogatari 3 (English Translated by MrRichard999),No confident match from search responses,,,,discovery,37902: Nishijin Pachinko Monogatari 2; 37903: Nishijin Pachinko Monogatari; 66869: Pachinko Monogatari 2: Nagoya Shachihoko no Teiou
Nontan to Issho - Kurukuru Puzzle (JP),recoverable,44400,Nontan to Issho: Kuru-kuru Puzzle,https://www.igdb.com/games/nontan-to-issho-kuru-kuru-puzzle,discovery,44400: Nontan to Issho: Kuru-kuru Puzzle
Nuke (Or Why Men Make Bombs - NA),No confident match from search responses,,,,discovery,
Oonita Atsushi FMW (JP),No confident match from search responses,,,,discovery,38229: Onita Atsushi FMW; 44383: Oozumou Tamashii
Operation Logic Bomb - The Ultimate Search & Destroy (NA),recoverable,42653,Operation Logic Bomb,https://www.igdb.com/games/operation-logic-bomb,discovery,42653: Operation Logic Bomb
Operation Starfi5h (NTSC Conversion),No confident match from search responses,,,,discovery,5926: James Pond 3: Operation Starfish; 5926: James Pond 3: Operation Starfish; 273867: Super Mario Starlight
Ossu!! Karate-bu (JP),No confident match from search responses,,,,discovery,38382: Osu!! Karate Bu; 38382: Osu!! Karate Bu; 38382: Osu!! Karate Bu
Parame ROM Cassette Vol. 2 (JP),No confident match from search responses,,,,discovery,148421: Picross NP Vol. 2; 37840: Super Chinese World 2: Uchuu Ichi Butou Taikai; 38304: Super Casino 2
"Parlor! Mini - Pachinko Jikki Simulation Game (JP, Rev 1)",No confident match from search responses,,,,discovery,66865: Heiwa Parlor! Mini 8: Pachinko Jikki Simulation Game; 37876: Pro Kishi Jinsei Simulation: Shogi no Hanamichi; 37876: Pro Kishi Jinsei Simulation: Shogi no Hanamichi
Parlor! Mini 2 - Pachinko Jikki Simulation Game (JP),No confident match from search responses,,,,discovery,66865: Heiwa Parlor! Mini 8: Pachinko Jikki Simulation Game; 37876: Pro Kishi Jinsei Simulation: Shogi no Hanamichi; 37876: Pro Kishi Jinsei Simulation: Shogi no Hanamichi
Parodius Da! - Shinwa kara Owarai e (JP),No confident match from search responses,,,,discovery,174910: Parodius; 174910: Parodius; 44436: Esparks: Ijikuu kara no Raihousha
Pokemon Gold & Silver (TW),No confident match from search responses,,,,discovery,45692: Pocket Monster; 5423: PowerMonger; 163098: Pokémon Stadium
Pokemon Stadium (TW),recoverable,163098,Pokémon Stadium,https://www.igdb.com/games/pokemon-stadium--1,discovery,163098: Pokémon Stadium
Popeye - Ijiwaru Majo Sea Hag no Maki (English Translated by KingMike's Translations),recoverable,38310,Popeye,https://www.igdb.com/games/popeye--8,discovery,38310: Popeye; 67712: Akagawa Jirou: Majo-tachi no Nemuri; 67712: Akagawa Jirou: Majo-tachi no Nemuri
Populous (NA),ambiguous or truncated,,,,aliases,248: Populous; 353710: Populous
Power Slide (Prototype - NTSC Conversion),recoverable,214976,Powerslide,https://www.igdb.com/games/powerslide--1,discovery,214976: Powerslide; 12720: Power Drive; 46225: Deadly Moves
Q-bert 3 (NA),recoverable,42469,Q*bert 3,https://www.igdb.com/games/q-star-bert-3,discovery,42469: Q*bert 3
Quinty (Prorotype),No confident match from search responses,,,,discovery,142129: Rayman; 42574: Super R-Type; 319922: Quinty
R-Type III (NA),No confident match from search responses,,,,discovery,42574: Super R-Type; 6550: R-Type III: The Third Lightning; 42334: Hyper Iria
Raiden Trad (NA),ambiguous or truncated,,,,aliases,6841: Raiden; 46211: Raiden Trad
Ranma 1-2 - Akanekodan Teki Hihou (English Translated by Dynamic Designs With Anime Names),recoverable,38278,Ranma ½: Aka Neko-dan Teki Hihou,https://www.igdb.com/games/ranma-half-aka-neko-dan-teki-hihou,discovery,38278: Ranma ½: Aka Neko-dan Teki Hihou
"Ranma 1-2 - Chougi Ranbu Hen (English Translated by Dynamic Designs, Rev 1.1 With Framerate Hack Patch by Upsilandre, Rev 1.4)",recoverable,42739,Ranma ½: Chougi Ranbu-hen,https://www.igdb.com/games/ranma-half-chougi-ranbu-hen,discovery,42739: Ranma ½: Chougi Ranbu-hen
Ranma 1-2 - Chounai Gekitou Hen (JP),recoverable,75857,Ranma ½: Chounai Gekitou-hen,https://www.igdb.com/games/ranma-half-chounai-gekitou-hen,discovery,75857: Ranma ½: Chounai Gekitou-hen
Ranma 1-2 - Hard Battle (NA),recoverable,44462,Ranma 1/2: Hard Battle,https://www.igdb.com/games/ranma-1-slash-2-hard-battle,discovery,44462: Ranma 1/2: Hard Battle
Ranma 1-2 - Ougi Jaanken (JP),recoverable,42410,Ranma 1/2: Ougi Jaanken,https://www.igdb.com/games/ranma-1-slash-2-ougi-jaanken,discovery,42410: Ranma 1/2: Ougi Jaanken
Reverse Kids (JP),No confident match from search responses,,,,discovery,42626: Bebe's Kids; 338839: Reverie; 4302: Soccer Kid
Rival Turf! (NA),recoverable,42467,Rival Turf!,https://www.igdb.com/games/rival-turf,broad,42467: Rival Turf!; 276932: Rushing Beat: Translation
Road Runner (Prototype),No confident match from search responses,,,,discovery,214982: Wile E's Revenge; 44437: Solid Runner; 38243: Power Lode Runner
"Romancing Sa-Ga (English Translated by DDSTranslation, Rev 1.2)",recoverable,11311,Romancing SaGa,https://www.igdb.com/games/romancing-saga,discovery,11311: Romancing SaGa; 11313: Romancing SaGa 3; 11312: Romancing SaGa 2
Shin Nihon Pro Wrestling Kounin - '94 Battlefield in Tokyo Dome (JP),No confident match from search responses,,,,discovery,61304: Shin Nippon Pro Wrestling '94: Battlefield in Tokyo Dome; 61304: Shin Nippon Pro Wrestling '94: Battlefield in Tokyo Dome; 61317: Shin Nippon Pro Wrestling: Chou Senshi in Tokyo Dome - Fantastic Story
Shin Nihon Pro Wrestling Kounin - '95 Tokyo Dome Battle 7 (JP),No confident match from search responses,,,,discovery,61303: Shin Nippon Pro Wrestling '95: Tokyo Dome Battle 7; 61303: Shin Nippon Pro Wrestling '95: Tokyo Dome Battle 7; 61317: Shin Nippon Pro Wrestling: Chou Senshi in Tokyo Dome - Fantastic Story
Shooter (Prototype),ambiguous or truncated,,,,discovery,11627: Pushover; 11627: Pushover; 1359: Secret of Evermore
SimAnt - The Electronic Ant Colony (NA),recoverable,9520,SimAnt,https://www.igdb.com/games/simant,discovery,9520: SimAnt
SimCity 2000 - The Ultimate City Simulator (NA),recoverable,330,SimCity 2000,https://www.igdb.com/games/simcity-2000,discovery,330: SimCity 2000
Snake Blaster (Prototype),No confident match from search responses,,,,discovery,42404: Song Master; 369409: Sliding Blaster 2; 44444: Super Road Blaster
Soul Edge Vs. Samurai (TW),No confident match from search responses,,,,discovery,45754: Soul Edge Vs. Samurai Spirits; 42381: Shogi Zanmai; 4541: College Slam
Speed Racer (NA),No confident match from search responses,,,,discovery,19770: Street Racer; 27461: Top Gear; 42732: Dirt Racer
Spider-Man - Venom - Maximum Carnage (NA),No confident match from search responses,,,,discovery,18125: Spider-Man and Venom: Maximum Carnage; 46182: Venom/Spider-Man: Separation Anxiety; 4500: Spider-Man
Spider-Man - X-Men - Arcade's Revenge (NA),No confident match from search responses,,,,discovery,4389: Spider-Man and the X-Men in Arcade's Revenge; 4389: Spider-Man and the X-Men in Arcade's Revenge; 281808: Super Mario in: Yoshi's Revenge
Squirrel (TW),No confident match from search responses,,,,discovery,45703: Squirrel King; 306170: Nova the Squirrel 2; 16743: Uniracers
Star Trek - The Next Generation - Future's Past (NA),recoverable,46195,Star Trek: The Next Generation - Echoes from the Past,https://www.igdb.com/games/star-trek-the-next-generation-echoes-from-the-past,discovery,46195: Star Trek: The Next Generation - Echoes from the Past
Street Fighter EX Plus Alpha (TW),No confident match from search responses,,,,discovery,243453: Street Fighter Alpha 2; 18626: Street Fighter II' Turbo; 243453: Street Fighter Alpha 2
Street Fighter V (NA),No confident match from search responses,,,,discovery,321621: Street Fighter II; 18626: Street Fighter II' Turbo; 243453: Street Fighter Alpha 2
"Super Back to the Future, Part II (English Translated by Mteam With FastROM Hack by MaxwelOlinda and Fixes by Kandowontu)",recoverable,8520,Super Back to the Future II,https://www.igdb.com/games/super-back-to-the-future-ii,discovery,8520: Super Back to the Future II; 8520: Super Back to the Future II; 275565: Super Mario: The Cursed Forest
"Super Chinese World 2 - Uchuuichi Butou Taikai (English Translated by DDSTranslation, Rev 2)",recoverable,37840,Super Chinese World 2: Uchuu Ichi Butou Taikai,https://www.igdb.com/games/super-chinese-world-2-uchuu-ichi-butou-taikai,discovery,37840: Super Chinese World 2: Uchuu Ichi Butou Taikai; 42304: Super Chinese World 3: Chou Jigen Daisakusen; 37840: Super Chinese World 2: Uchuu Ichi Butou Taikai
Super Conflict (NA),No confident match from search responses,,,,discovery,198462: Super NicoNico Kart; 42438: Turn and Burn: No-Fly Zone; 38421: Super Conflict: The Mideast
Super Drift Out - World Rally Championships (JP),recoverable,42417,Super Drift Out,https://www.igdb.com/games/super-drift-out,discovery,42417: Super Drift Out
Super Family Gelaende (JP),No confident match from search responses,,,,discovery,42534: Super Family Gelände; 42534: Super Family Gelände; 44106: Smash Tennis
Super Formation Soccer '95 - Della Serie A (JP - UCC Xaqua Version),No confident match from search responses,,,,discovery,236673: Super Formation Soccer 95: della Serie A - UCC Xaqua; 42360: Super Formation Soccer 95: della Serie A; 236675: Super Formation Soccer 95: della Serie A - Extra Package
Super Morph (NTSC Conversion),ambiguous or truncated,,,,aliases,13053: Morph; 76904: Super Morph
Super Nova (NA),ambiguous or truncated,,,,aliases,42446: Super Nova; 267624: Super Nova
Super Oozumou - Nessen Ooichiban (JP),No confident match from search responses,,,,discovery,37857: Super Oozumou Netsusen Dai-Ichiban; 37857: Super Oozumou Netsusen Dai-Ichiban; 37780: Tsuppari Oozumou: Risshin Shusse-hen
"Super Puyo Puyo (JP, Rev 2)",ambiguous or truncated,,,,aliases,42406: Super Puyo Puyo; 47250: Puyo Puyo
"Super Puyo Puyo Tsuu (English Translated by J2e Translations, Rev 1.1)",No confident match from search responses,,,,discovery,42470: Super Puyo Puyo 2; 42470: Super Puyo Puyo 2; 42544: Super Puyo Puyo Tsuu Remix
"Super Robot Taisen Gaiden - Masoukishin - The Lord of Elemental (English Translated by Aeon Genesis, Rev 1.05 With Music Persistence Patch)",recoverable,38233,Super Robot Taisen Gaiden: Masou Kishin - The Lord of Elemental,https://www.igdb.com/games/super-robot-taisen-gaiden-masou-kishin-the-lord-of-elemental,discovery,38233: Super Robot Taisen Gaiden: Masou Kishin - The Lord of Elemental; 38233: Super Robot Taisen Gaiden: Masou Kishin - The Lord of Elemental; 222097: Super Mario Bros.: The Lost Levels
Super Tekkyuu Fight! (JP),No confident match from search responses,,,,discovery,42222: Super Tekkyu Fight!; 322188: Super Street Fighter II; 322188: Super Street Fighter II
Super Turrican Collection (NA),No confident match from search responses,,,,discovery,42221: Super Trump Collection; 5199: Super Mario All-Stars; 42220: Super Trump Collection 2
Sutobasu Yarou Show (JP),No confident match from search responses,,,,discovery,42426: Sutobasu Yarou Shou; 138085: YuYu Hakusho; 4260: Samurai Shodown
Table Game Daishuugou!! (JP),No confident match from search responses,,,,discovery,56439: Table Game Daishuugo!!; 37800: Table Game Daishuugou!! Shogi Mahjong Hanafuda; 37800: Table Game Daishuugou!! Shogi Mahjong Hanafuda
Tekken 2 (TW),No confident match from search responses,,,,discovery,114033: Taekwon-do; 37953: Koushien 2; 114033: Taekwon-do
The Blues Brothers (NA),No confident match from search responses,,,,discovery,42639: Brawl Brothers; 6823: Buster Bros.; 47007: The Blues Brothers: Jukebox Adventure
The King of Fighters '98 (TW),No confident match from search responses,,,,discovery,71128: Fatal Fury; 39466: King of the Monsters 2; 6800: King of the Monsters
The King of Fighters 2000 (TW),No confident match from search responses,,,,discovery,39466: King of the Monsters 2; 71128: Fatal Fury; 6800: King of the Monsters
The King of Rally - Paris-Moscow-Beijing (JP),No confident match from search responses,,,,discovery,38111: The King of Rally
Time Pilot (Prototype),No confident match from search responses,,,,discovery,42441: Timecop; 8939: Time Killers; 46678: Time Trax
Tommy Moe's Winter Extreme - Skiing and Snowboarding (NA),recoverable,42429,Tommy Moe's Winter Extreme: Skiing & Snowboarding,https://www.igdb.com/games/tommy-moes-winter-extreme-skiing-and-snowboarding,broad,42429: Tommy Moe's Winter Extreme: Skiing & Snowboarding
"Torneko no Daibouken - Fushigi no Dungeon (English Translated by Dynamic Designs, Rev 0.99)",No confident match from search responses,,,,discovery,42439: Fushigi no Dungeon: Torneko no Daibouken; 46588: Whirlo; 46588: Whirlo
Tsuppari Oozumou - Risshinshusse Hen (JP),recoverable,37780,Tsuppari Oozumou: Risshin Shusse-hen,https://www.igdb.com/games/tsuppari-oozumou-risshin-shusse-hen,discovery,37780: Tsuppari Oozumou: Risshin Shusse-hen; 37780: Tsuppari Oozumou: Risshin Shusse-hen; 37798: Taikou Risshiden
U.F.O. Kamen Yakisoban - Kettler no Kuroi Inbou (Keihin Ban - JP),No confident match from search responses,,,,discovery,44445: U.F.O. Kamen Yakisoban: Kettler no Kuroi Inbou; 44445: U.F.O. Kamen Yakisoban: Kettler no Kuroi Inbou; 44445: U.F.O. Kamen Yakisoban: Kettler no Kuroi Inbou
"Ultima - Kyouryuu Teikoku - The Savage Empire (English Translated by Nytegard, Rev 1.01)",No confident match from search responses,,,,discovery,186734: Ultima: The Savage Empire; 186734: Ultima: The Savage Empire; 42202: Dino City
Ultima - The False Prophet (NA),No confident match from search responses,,,,discovery,12230: Ultima VI: The False Prophet; 186734: Ultima: The Savage Empire; 42437: Ultima: The Black Gate
Undake 30 - Same Game Daisakusen - Mario Version (JP),recoverable,67024,Undake30 SameGame Daisakusen Mario Version,https://www.igdb.com/games/undake30-samegame-daisakusen-mario-version,discovery,67024: Undake30 SameGame Daisakusen Mario Version; 67024: Undake30 SameGame Daisakusen Mario Version; 67024: Undake30 SameGame Daisakusen Mario Version
Unknown Top-Down Racing Game (Prototype),No confident match from search responses,,,,discovery,219063: Untitled Racing Game; 5418: Super Mario RPG: Legend of the Seven Stars
Wakuwaku Ski Wonder Spur (JP),recoverable,37770,Waku-waku Ski Wonder Spur,https://www.igdb.com/games/waku-waku-ski-wonder-spur,discovery,37770: Waku-waku Ski Wonder Spur; 214949: Wario's Wonderful Walk; 15897: Bakumatsu Kourinden Oni
Waterworld (NTSC Conversion),ambiguous or truncated,,,,aliases,133281: Waterworld; 338817: Waterworld
Winter Olympic Games - Lillehammer '94 (NA),No confident match from search responses,,,,discovery,4507: Winter Olympic Games; 4507: Winter Olympic Games; 4507: Winter Olympic Games
"Wizardry I-II-III - Story of Llylgamyn (English Translated by Aeon Genesis With Fixes by Hengki Kusuma Adi, Rev 1.2 With IBM PC Item Names Patch, Rev 1.1)",No confident match from search responses,,,,discovery,42528: Wizardry I-II-III: The Story of Llylgamyn; 42528: Wizardry I-II-III: The Story of Llylgamyn; 42528: Wizardry I-II-III: The Story of Llylgamyn
"Wizardry VI - Kindan no Mahitsu (English Translated by TiCo, Rev 0.99 With Bugfixes by MrRichard999)",No confident match from search responses,,,,discovery,10496: Wizardry: Bane of the Cosmic Forge; 10495: Wizardry V: Heart of the Maelstrom; 42528: Wizardry I-II-III: The Story of Llylgamyn
Wolfenstein 3-D (NA),recoverable,306944,Wolfenstein 3D,https://www.igdb.com/games/wolfenstein-3d--3,discovery,306944: Wolfenstein 3D; 306944: Wolfenstein 3D; 7824: Choplifter III: Rescue Survive
"Wonder Project J - Kikai no Shonen Pino (English Translated by WakdHacks, Rev 1.04)",No confident match from search responses,,,,discovery,37255: Wonder Project J: Kikai no Shounen Pino; 37255: Wonder Project J: Kikai no Shounen Pino
X-Men Vs. Street Fighter (TW),No confident match from search responses,,,,discovery,322188: Super Street Fighter II; 321621: Street Fighter II; 322188: Super Street Fighter II
"Xak - The Art of Visual Stage (English Translated by Dynamic Designs, Rev 1.1)",ambiguous or truncated,,,,discovery,41769: Xak: The Art of Visual Stage; 377091: Xak: The Art of Visual Stage
Yu Yu Hakusho 2 - Kakutou no Shou (JP),No confident match from search responses,,,,discovery,42530: YuYu Hakusho 2: Kakutou no Sho; 42530: YuYu Hakusho 2: Kakutou no Sho; 42530: YuYu Hakusho 2: Kakutou no Sho
Zen-Nihon Pro Wres (JP),No confident match from search responses,,,,discovery,61503: Zen-Nippon Pro Wrestling; 61503: Zen-Nippon Pro Wrestling; 65200: Zen-Nippon Pro Wrestling: Fight Da Pon!
"Zero 4 Champ RR (JP, Rev 1)",recoverable,60307,Zero-4 Champ RR,https://www.igdb.com/games/zero-4-champ-rr,discovery,60307: Zero-4 Champ RR
Zero 4 Champ RR-Z (JP),recoverable,58090,Zero-4 Champ RR-Z,https://www.igdb.com/games/zero-4-champ-rr-z,discovery,58090: Zero-4 Champ RR-Z
